,X,Observed,Shannon,Pielou,X.SampleID,BarcodeSequence,LinkerPrimerSequence,New_Name,Temp,beta_Methyl_D_Glucoside,DGalactonic_Acid_gamma_Lactone,LArginine,Pyruvic_Acid_Methyl_Ester,DXylose,DGalacturonic_Acid,LAsparagine,Tween_40,i_Erythritol,X2_Hydroxy_Benzoic_Acid,L_Phenylalanine,Tween_80,DMannitol,X4Hydroxy_Benzoic_Acid,LSerine,alpha_Cyclodextrin,Nacetyl_DGlucosamine,gamma_Hydroxybutyric_Acid,L_Threonine,Glycogen,DGlucosaminic_Acid,Itaconic_Acid,Glycyl_LGlutamic_Acid,DCellobiose,Glucos_1Phosphate,alpha_Ketobutyric_Acid,Phenylethyl_amine,alpha_DLactose,DL_alpha_Glycerol_Phosphate,DMalic_Acid,Putrescine,AMR,CMD,Bacterial_abundance,Bacterial_abundance_StdDev,Bacterial_activity,Bacterial_activity_StdDev,Sample_Depth,Sample_type,Sample_Site
FiordlandzNov2015zBin0mza,FiordlandzNov2015zBin0mza,1145,4.462047953,0.633529269,FiordlandzNov2015zBin0mza,GGTACTGTACCA,GTGTGYCAGCMGCCGCGGTAA,Bin0,19.9,-0.0032,0.013566667,-0.001766667,0.1067,0.0318,0.007366667,0.0146,0.1766,0.089233333,0.179266667,0.0111,0.0431,0.076,0.123466667,0.091666667,0.019133333,0.040466667,0.056833333,0.180433333,0.025066667,0.024,0.108533333,0.0598,0.295866667,0.081433333,0.028766667,0.055966667,0.080666667,0.172133333,0.161366667,0.0012,0.08,1,991575,56221.19262,2255.136335,370.3517718,0,in,B
FiordlandzNov2015zBin0mzb,FiordlandzNov2015zBin0mzb,1024,4.519814002,0.652071325,FiordlandzNov2015zBin0mzb,AAGGTGGACAAG,GTGTGYCAGCMGCCGCGGTAA,Bin0,19.9,-0.0032,0.013566667,-0.001766667,0.1067,0.0318,0.007366667,0.0146,0.1766,0.089233333,0.179266667,0.0111,0.0431,0.076,0.123466667,0.091666667,0.019133333,0.040466667,0.056833333,0.180433333,0.025066667,0.024,0.108533333,0.0598,0.295866667,0.081433333,0.028766667,0.055966667,0.080666667,0.172133333,0.161366667,0.0012,0.08,1,991575,56221.19262,2255.136335,370.3517718,0,in,B
FiordlandzNov2015zBin10mzb,FiordlandzNov2015zBin10mzb,774,3.700976955,0.556406369,FiordlandzNov2015zBin10mzb,AGAGCTCCTCTG,GTGTGYCAGCMGCCGCGGTAA,Bin10,19.8,-0.130733333,-0.053066667,-0.118833333,-0.131133333,-0.088966667,0.104066667,0.108033333,0.000466667,-0.132366667,0.043933333,-0.0559,-0.034433333,-0.087433333,-0.13,-0.121333333,-0.0489,-0.132833333,-0.127833333,0.0493,-0.124166667,-0.124633333,0.345066667,0.131933333,0.044033333,-0.040566667,-0.018133333,-0.1301,-0.025666667,-0.089766667,-0.095533333,-0.1263,0,1,882225,95646.96806,711.3855422,72.12322824,10,in,B
FiordlandzNov2015zBin10mza,FiordlandzNov2015zBin10mza,840,4.120550175,0.611956666,FiordlandzNov2015zBin10mza,ACGCTCCCATCG,GTGTGYCAGCMGCCGCGGTAA,Bin10,19.8,-0.130733333,-0.053066667,-0.118833333,-0.131133333,-0.088966667,0.104066667,0.108033333,0.000466667,-0.132366667,0.043933333,-0.0559,-0.034433333,-0.087433333,-0.13,-0.121333333,-0.0489,-0.132833333,-0.127833333,0.0493,-0.124166667,-0.124633333,0.345066667,0.131933333,0.044033333,-0.040566667,-0.018133333,-0.1301,-0.025666667,-0.089766667,-0.095533333,-0.1263,0,1,882225,95646.96806,711.3855422,72.12322824,10,in,B
FiordlandzNov2015zCin0mza,FiordlandzNov2015zCin0mza,1216,4.909682531,0.691181181,FiordlandzNov2015zCin0mza,GGTCTCCTACAG,GTGTGYCAGCMGCCGCGGTAA,Cin0,20.2,-0.046133333,-0.0457,-0.0047,0.100033333,-0.010066667,-0.040966667,-0.0433,0.3518,-0.042,0.171033333,-0.008966667,-0.0348,-0.013533333,-0.011166667,-0.0286,0.0848,0.227433333,-0.030733333,-0.023966667,0.031033333,0.120066667,0.102,-0.027066667,0.070233333,0.02,-0.008633333,0.069833333,0.0409,0.0814,0.149866667,0.009333333,0.04,1,683775,71583.95421,705.4085909,140.0083406,0,in,C
FiordlandzNov2015zCin0mzb,FiordlandzNov2015zCin0mzb,1098,4.732663222,0.675974459,FiordlandzNov2015zCin0mzb,CTCCTGTCCGGA,GTGTGYCAGCMGCCGCGGTAA,Cin0,20.2,-0.046133333,-0.0457,-0.0047,0.100033333,-0.010066667,-0.040966667,-0.0433,0.3518,-0.042,0.171033333,-0.008966667,-0.0348,-0.013533333,-0.011166667,-0.0286,0.0848,0.227433333,-0.030733333,-0.023966667,0.031033333,0.120066667,0.102,-0.027066667,0.070233333,0.02,-0.008633333,0.069833333,0.0409,0.0814,0.149866667,0.009333333,0.04,1,683775,71583.95421,705.4085909,140.0083406,0,in,C
FiordlandzNov2015zCin10mza,FiordlandzNov2015zCin10mza,1002,4.809789169,0.696086962,FiordlandzNov2015zCin10mza,GAGCCATCTGTA,GTGTGYCAGCMGCCGCGGTAA,Cin10,20.2,0.021766667,-0.062666667,0.203466667,-0.0612,-0.009566667,-0.061333333,0.1341,0.211333333,-0.061,0.242033333,-0.049933333,0.057366667,0.3295,-0.017633333,-0.023833333,0.074733333,0.125433333,-0.003766667,0.262233333,-0.0522,-0.056033333,0.052633333,0.0654,0.0751,-0.0322,-0.051633333,0.105566667,-0.062466667,-0.0611,0.595233333,-0.063,0.06,3,587925,119541.7187,221.0526316,151.6250591,10,in,C
FiordlandzNov2015zDoin0mzc,FiordlandzNov2015zDoin0mzc,1396,4.31344561,0.59566737,FiordlandzNov2015zDoin0mzc,CAATATTCAATA,GTGTGYCAGCMGCCGCGGTAA,Doin0,19,0.1428,0.1549,0.1112,0.332633333,-0.054533333,0.298933333,0.065733333,0.391866667,-0.102233333,0.023166667,0.0659,0.2151,0.615133333,-0.072166667,0.116766667,0.0635,0.457233333,-0.086233333,0.098866667,0.2076,0.2527,0.198033333,0.164733333,0.206566667,0.055766667,-0.074633333,0.0379,0.107133333,0.221466667,0.165666667,-0.018933333,0.14,6,423225,70489.3077,5156.190918,652.5851373,0,in,Do
FiordlandzNov2015zDoin0mza,FiordlandzNov2015zDoin0mza,1727,4.369773058,0.586220869,FiordlandzNov2015zDoin0mza,GAGCATTACATG,GTGTGYCAGCMGCCGCGGTAA,Doin0,19,0.1428,0.1549,0.1112,0.332633333,-0.054533333,0.298933333,0.065733333,0.391866667,-0.102233333,0.023166667,0.0659,0.2151,0.615133333,-0.072166667,0.116766667,0.0635,0.457233333,-0.086233333,0.098866667,0.2076,0.2527,0.198033333,0.164733333,0.206566667,0.055766667,-0.074633333,0.0379,0.107133333,0.221466667,0.165666667,-0.018933333,0.14,6,423225,70489.3077,5156.190918,652.5851373,0,in,Do
FiordlandzNov2015zDoin0mzd,FiordlandzNov2015zDoin0mzd,1891,4.521554451,0.599289292,FiordlandzNov2015zDoin0mzd,AAGTGCTTGGTA,GTGTGYCAGCMGCCGCGGTAA,Doin0,19,0.1428,0.1549,0.1112,0.332633333,-0.054533333,0.298933333,0.065733333,0.391866667,-0.102233333,0.023166667,0.0659,0.2151,0.615133333,-0.072166667,0.116766667,0.0635,0.457233333,-0.086233333,0.098866667,0.2076,0.2527,0.198033333,0.164733333,0.206566667,0.055766667,-0.074633333,0.0379,0.107133333,0.221466667,0.165666667,-0.018933333,0.14,6,423225,70489.3077,5156.190918,652.5851373,0,in,Do
FiordlandzNov2015zDoin0mzb,FiordlandzNov2015zDoin0mzb,1692,4.350404691,0.585230003,FiordlandzNov2015zDoin0mzb,ATATACCTGCGG,GTGTGYCAGCMGCCGCGGTAA,Doin0,19,0.1428,0.1549,0.1112,0.332633333,-0.054533333,0.298933333,0.065733333,0.391866667,-0.102233333,0.023166667,0.0659,0.2151,0.615133333,-0.072166667,0.116766667,0.0635,0.457233333,-0.086233333,0.098866667,0.2076,0.2527,0.198033333,0.164733333,0.206566667,0.055766667,-0.074633333,0.0379,0.107133333,0.221466667,0.165666667,-0.018933333,0.14,6,423225,70489.3077,5156.190918,652.5851373,0,in,Do
FiordlandzNov2015zDoin10mzb,FiordlandzNov2015zDoin10mzb,644,4.236543774,0.655031094,FiordlandzNov2015zDoin10mzb,GCGGAGCACGTC,GTGTGYCAGCMGCCGCGGTAA,Doin10,18.9,0.069266667,0.055733333,0.041033333,0.140166667,0.031833333,0.003666667,0.000166667,0.275466667,0.003433333,0.148133333,0.027033333,0.011333333,0.083266667,0.107533333,0.0057,0.009266667,0.071266667,0.006566667,8.00E-04,0.0106,0.0054,0.012266667,0.036433333,0.003233333,0.005766667,0.012166667,0.025766667,0.003233333,0.0115,0.021933333,0.007966667,0.04,1,443475,34391.89585,215.4819277,301.2340167,10,in,Do
FiordlandzNov2015zDoin10mza,FiordlandzNov2015zDoin10mza,820,4.309949822,0.642384009,FiordlandzNov2015zDoin10mza,GATATACCAGTG,GTGTGYCAGCMGCCGCGGTAA,Doin10,18.9,0.069266667,0.055733333,0.041033333,0.140166667,0.031833333,0.003666667,0.000166667,0.275466667,0.003433333,0.148133333,0.027033333,0.011333333,0.083266667,0.107533333,0.0057,0.009266667,0.071266667,0.006566667,8.00E-04,0.0106,0.0054,0.012266667,0.036433333,0.003233333,0.005766667,0.012166667,0.025766667,0.003233333,0.0115,0.021933333,0.007966667,0.04,1,443475,34391.89585,215.4819277,301.2340167,10,in,Do
FiordlandzNov2015zDuin0mza,FiordlandzNov2015zDuin0mza,2318,5.041481642,0.650643047,FiordlandzNov2015zDuin0mza,GTGTGCTAACGT,GTGTGYCAGCMGCCGCGGTAA,Duin0,19.7,0.8041,0.7964,0.991733333,1.003133333,1.2381,0.853133333,2.0211,1.483433333,0.7496,0.1077,0.599266667,1.256233333,2.132466667,0.9488,1.022166667,1.212933333,1.356633333,0.293566667,0.543166667,1.218766667,0.665466667,0.7908,1.1094,1.520833333,0.8058,0.369233333,0.562766667,1.940633333,0.138866667,0.822833333,0.346333333,0.96,29,279450,31371.1651,2253.881098,221.1616016,0,in,Du
FiordlandzNov2015zDuin0mz6,FiordlandzNov2015zDuin0mz6,2620,5.213052665,0.662317278,FiordlandzNov2015zDuin0mz6,AGACAAGCTTCC,GTGTGYCAGCMGCCGCGGTAA,Duin0,19.7,0.8041,0.7964,0.991733333,1.003133333,1.2381,0.853133333,2.0211,1.483433333,0.7496,0.1077,0.599266667,1.256233333,2.132466667,0.9488,1.022166667,1.212933333,1.356633333,0.293566667,0.543166667,1.218766667,0.665466667,0.7908,1.1094,1.520833333,0.8058,0.369233333,0.562766667,1.940633333,0.138866667,0.822833333,0.346333333,0.96,29,279450,31371.1651,2253.881098,221.1616016,0,in,Du
FiordlandzNov2015zDuin0mzbzF6,FiordlandzNov2015zDuin0mzbzF6,2920,5.369395205,0.672912289,FiordlandzNov2015zDuin0mzbzF6,TATAATCCGAGG,GTGTGYCAGCMGCCGCGGTAA,Duin0,19.7,0.8041,0.7964,0.991733333,1.003133333,1.2381,0.853133333,2.0211,1.483433333,0.7496,0.1077,0.599266667,1.256233333,2.132466667,0.9488,1.022166667,1.212933333,1.356633333,0.293566667,0.543166667,1.218766667,0.665466667,0.7908,1.1094,1.520833333,0.8058,0.369233333,0.562766667,1.940633333,0.138866667,0.822833333,0.346333333,0.96,29,279450,31371.1651,2253.881098,221.1616016,0,in,Du
FiordlandzNov2015zDuin0mzbzF4,FiordlandzNov2015zDuin0mzbzF4,2622,5.190259096,0.659357437,FiordlandzNov2015zDuin0mzbzF4,TGAGTTCGGTCC,GTGTGYCAGCMGCCGCGGTAA,Duin0,19.7,0.8041,0.7964,0.991733333,1.003133333,1.2381,0.853133333,2.0211,1.483433333,0.7496,0.1077,0.599266667,1.256233333,2.132466667,0.9488,1.022166667,1.212933333,1.356633333,0.293566667,0.543166667,1.218766667,0.665466667,0.7908,1.1094,1.520833333,0.8058,0.369233333,0.562766667,1.940633333,0.138866667,0.822833333,0.346333333,0.96,29,279450,31371.1651,2253.881098,221.1616016,0,in,Du
FiordlandzNov2015zDuin10mza,FiordlandzNov2015zDuin10mza,909,4.72897232,0.694176859,FiordlandzNov2015zDuin10mza,ATAAAGAGGAGG,GTGTGYCAGCMGCCGCGGTAA,Duin10,19.6,-0.069566667,0.0082,0.049633333,0.014466667,-0.0627,-0.0364,-0.069133333,0.065133333,-0.0683,0.064533333,-0.078866667,0.0406,-0.046533333,-0.0198,-0.067566667,0.0732,-0.072866667,-0.0503,-0.081666667,0.0591,-0.0633,0.0472,-0.040833333,-0.071733333,-0.069633333,-0.066866667,0.163733333,-0.067533333,-0.034733333,-0.068633333,-0.056233333,0,0,546750,56657.12665,838.1560139,219.9306956,10,in,Du
FiordlandzNov2015zWin0mzb,FiordlandzNov2015zWin0mzb,1858,4.675035341,0.621080961,FiordlandzNov2015zWin0mzb,CTTGAACCCGAC,GTGTGYCAGCMGCCGCGGTAA,Win0,18.9,0.5849,0.550933333,0.0969,0.7843,-0.030766667,0.303133333,0.357266667,0.909233333,0.017266667,0.1588,0.045266667,0.804233333,1.5118,0.6642,0.246233333,0.503366667,0.885066667,0.053566667,0.0588,0.775533333,0.405733333,0.290666667,0.284366667,1.262933333,0.4675,0.152633333,0.550566667,1.442366667,0.064,0.308166667,0.423033333,0.48,21,336825,73195.2355,4923.192771,291.3419819,0,in,W
FiordlandzNov2015zWin0mza,FiordlandzNov2015zWin0mza,1900,4.722806948,0.625569727,FiordlandzNov2015zWin0mza,TACGACTCTGGC,GTGTGYCAGCMGCCGCGGTAA,Win0,18.9,0.5849,0.550933333,0.0969,0.7843,-0.030766667,0.303133333,0.357266667,0.909233333,0.017266667,0.1588,0.045266667,0.804233333,1.5118,0.6642,0.246233333,0.503366667,0.885066667,0.053566667,0.0588,0.775533333,0.405733333,0.290666667,0.284366667,1.262933333,0.4675,0.152633333,0.550566667,1.442366667,0.064,0.308166667,0.423033333,0.48,21,336825,73195.2355,4923.192771,291.3419819,0,in,W
FiordlandzNov2015zWin0mzd,FiordlandzNov2015zWin0mzd,1754,4.534642232,0.607075258,FiordlandzNov2015zWin0mzd,GCAGATTTCCAG,GTGTGYCAGCMGCCGCGGTAA,Win0,18.9,0.5849,0.550933333,0.0969,0.7843,-0.030766667,0.303133333,0.357266667,0.909233333,0.017266667,0.1588,0.045266667,0.804233333,1.5118,0.6642,0.246233333,0.503366667,0.885066667,0.053566667,0.0588,0.775533333,0.405733333,0.290666667,0.284366667,1.262933333,0.4675,0.152633333,0.550566667,1.442366667,0.064,0.308166667,0.423033333,0.48,21,336825,73195.2355,4923.192771,291.3419819,0,in,W
FiordlandzNov2015zWin0mzc,FiordlandzNov2015zWin0mzc,2069,4.727515273,0.619204494,FiordlandzNov2015zWin0mzc,GGCGGGTCTAGA,GTGTGYCAGCMGCCGCGGTAA,Win0,18.9,0.5849,0.550933333,0.0969,0.7843,-0.030766667,0.303133333,0.357266667,0.909233333,0.017266667,0.1588,0.045266667,0.804233333,1.5118,0.6642,0.246233333,0.503366667,0.885066667,0.053566667,0.0588,0.775533333,0.405733333,0.290666667,0.284366667,1.262933333,0.4675,0.152633333,0.550566667,1.442366667,0.064,0.308166667,0.423033333,0.48,21,336825,73195.2355,4923.192771,291.3419819,0,in,W
FiordlandzNov2015zWin10mzb,FiordlandzNov2015zWin10mzb,810,4.197536196,0.626775382,FiordlandzNov2015zWin10mzb,GAAAGGTGAGAA,GTGTGYCAGCMGCCGCGGTAA,Win10,18.6,-0.004266667,-0.022433333,-0.061066667,-0.026033333,-0.004866667,0.014966667,-0.066333333,0.171766667,0.185266667,0.157033333,-0.052733333,-0.062466667,-0.054,-0.062033333,-0.059666667,0.0651,-0.028966667,0.105133333,-0.062066667,0.211033333,-0.0117,0.0703,-0.0704,-0.060866667,-0.057366667,-0.0615,-0.012533333,0.029133333,-0.0588,0.0117,-0.057,0,0,541350,53525.41452,698.8939364,198.2559343,10,in,W
FiordlandzNov2015zWin10mza,FiordlandzNov2015zWin10mza,832,4.13719748,0.615303477,FiordlandzNov2015zWin10mza,CGACCCATACGT,GTGTGYCAGCMGCCGCGGTAA,Win10,18.6,-0.004266667,-0.022433333,-0.061066667,-0.026033333,-0.004866667,0.014966667,-0.066333333,0.171766667,0.185266667,0.157033333,-0.052733333,-0.062466667,-0.054,-0.062033333,-0.059666667,0.0651,-0.028966667,0.105133333,-0.062066667,0.211033333,-0.0117,0.0703,-0.0704,-0.060866667,-0.057366667,-0.0615,-0.012533333,0.029133333,-0.0588,0.0117,-0.057,0,0,541350,53525.41452,698.8939364,198.2559343,10,in,W
FiordlandzNov2015zBout0mzb,FiordlandzNov2015zBout0mzb,743,3.871621208,0.585660146,FiordlandzNov2015zBout0mzb,AAGCGTACATTG,GTGTGYCAGCMGCCGCGGTAA,Bout0,19.2,-0.002566667,-0.008133333,0.291766667,0.048266667,0.0599,-0.0015,0.126,0.228833333,0.1422,0.195533333,-0.007633333,0.148033333,0.001,-0.000333333,0.077333333,0.049833333,0.0611,0.3442,0.004066667,0.007733333,0.036033333,0.1862,0.1091,-0.0052,0.170933333,0.0157,0.060366667,0.007166667,0.013566667,0.0186,0.122866667,0.08,2,1380375,162245.4391,1493.393245,305.6920555,0,out,B
FiordlandzNov2015zBout0mza,FiordlandzNov2015zBout0mza,779,3.715708275,0.558080822,FiordlandzNov2015zBout0mza,GCGTACGGGTGA,GTGTGYCAGCMGCCGCGGTAA,Bout0,19.2,-0.002566667,-0.008133333,0.291766667,0.048266667,0.0599,-0.0015,0.126,0.228833333,0.1422,0.195533333,-0.007633333,0.148033333,0.001,-0.000333333,0.077333333,0.049833333,0.0611,0.3442,0.004066667,0.007733333,0.036033333,0.1862,0.1091,-0.0052,0.170933333,0.0157,0.060366667,0.007166667,0.013566667,0.0186,0.122866667,0.08,2,1380375,162245.4391,1493.393245,305.6920555,0,out,B
FiordlandzNov2015zBout10mza,FiordlandzNov2015zBout10mza,860,3.935976211,0.582509338,FiordlandzNov2015zBout10mza,CTGTTACAGCGA,GTGTGYCAGCMGCCGCGGTAA,Bout10,19.1,-0.016966667,-0.0097,-0.017833333,-0.015633333,0.1479,-0.014466667,-0.0112,0.1594,-0.0091,0.139333333,-0.017,0.000466667,-0.0141,-0.015233333,-0.017233333,0.0369,0.0119,0.033133333,-0.0072,-0.008733333,0.0047,0.013133333,-0.014466667,-0.016133333,-0.0143,-0.012766667,-0.015233333,-0.015366667,-0.013866667,0.015866667,-0.0139,0.01,0,1435050,193566.9652,1237.682072,211.6981188,10,out,B
FiordlandzNov2015zCout0mzb,FiordlandzNov2015zCout0mzb,831,4.434572046,0.659648409,FiordlandzNov2015zCout0mzb,TCAACTATGTCT,GTGTGYCAGCMGCCGCGGTAA,Cout0,20.1,0.005466667,0.038066667,0.0078,0.038466667,0.033433333,0.002333333,0.050433333,0.2227,0.019466667,0.3805,0.002266667,0.0374,0.065433333,0.1869,0.006166667,0.0727,0.1711,0.043,0.0105,0.017466667,0.0098,0.0408,0.027433333,0.047233333,0.0324,0.019033333,0.002766667,0.170933333,0.032066667,0.0901,0.001033333,0.06,1,793125,81698.2405,1115.993976,86.7658269,0,out,C
FiordlandzNov2015zCout0mza,FiordlandzNov2015zCout0mza,973,4.470809229,0.649790648,FiordlandzNov2015zCout0mza,GGTCGAATTGCT,GTGTGYCAGCMGCCGCGGTAA,Cout0,20.1,0.005466667,0.038066667,0.0078,0.038466667,0.033433333,0.002333333,0.050433333,0.2227,0.019466667,0.3805,0.002266667,0.0374,0.065433333,0.1869,0.006166667,0.0727,0.1711,0.043,0.0105,0.017466667,0.0098,0.0408,0.027433333,0.047233333,0.0324,0.019033333,0.002766667,0.170933333,0.032066667,0.0901,0.001033333,0.06,1,793125,81698.2405,1115.993976,86.7658269,0,out,C
FiordlandzNov2015zCout10mzb,FiordlandzNov2015zCout10mzb,879,4.41844067,0.65180423,FiordlandzNov2015zCout10mzb,CTAATATTTGAA,GTGTGYCAGCMGCCGCGGTAA,Cout10,20,-0.011866667,0.0017,0.017533333,-0.012866667,0.020066667,0.0526,0.0292,0.1725,0.002266667,0.1897,0.003166667,0.212766667,0.1892,0.0252,-0.010033333,0.0774,0.280233333,0.028533333,-0.0107,0.0092,0.1597,0.056833333,0.5015,0.034133333,-0.0089,0.065233333,-0.011133333,0.0184,-0.0117,0.2341,-0.0104,0.07,2,997650,62256.32498,1372.590361,248.3921717,10,out,C
FiordlandzNov2015zCout10mza,FiordlandzNov2015zCout10mza,630,4.418067083,0.685426486,FiordlandzNov2015zCout10mza,TATAGAAGAATG,GTGTGYCAGCMGCCGCGGTAA,Cout10,20,-0.011866667,0.0017,0.017533333,-0.012866667,0.020066667,0.0526,0.0292,0.1725,0.002266667,0.1897,0.003166667,0.212766667,0.1892,0.0252,-0.010033333,0.0774,0.280233333,0.028533333,-0.0107,0.0092,0.1597,0.056833333,0.5015,0.034133333,-0.0089,0.065233333,-0.011133333,0.0184,-0.0117,0.2341,-0.0104,0.07,2,997650,62256.32498,1372.590361,248.3921717,10,out,C
FiordlandzNov2015zDoout0mzb,FiordlandzNov2015zDoout0mzb,1109,4.414383922,0.629617628,FiordlandzNov2015zDoout0mzb,GGTCCCGAAATT,GTGTGYCAGCMGCCGCGGTAA,Doout0,18.7,0.093766667,0.120066667,0.005866667,0.2054,0.1417,0.053833333,0.006733333,0.21,0.157866667,0.234,0.184066667,0.3297,0.214,0.0789,0.155533333,0.240733333,0.388933333,0.1511,0.182466667,0.197433333,0.098966667,0.213933333,0.2443,0.015733333,0.119566667,0.055366667,0.005833333,0.0252,0.076233333,0.0125,0.0111,0.14,2,445500,66721.51077,2771.114458,192.1070099,0,out,Do
FiordlandzNov2015zDoout0mza,FiordlandzNov2015zDoout0mza,1183,4.10877722,0.580679509,FiordlandzNov2015zDoout0mza,CCTGGTGTCCGT,GTGTGYCAGCMGCCGCGGTAA,Doout0,18.7,0.093766667,0.120066667,0.005866667,0.2054,0.1417,0.053833333,0.006733333,0.21,0.157866667,0.234,0.184066667,0.3297,0.214,0.0789,0.155533333,0.240733333,0.388933333,0.1511,0.182466667,0.197433333,0.098966667,0.213933333,0.2443,0.015733333,0.119566667,0.055366667,0.005833333,0.0252,0.076233333,0.0125,0.0111,0.14,2,445500,66721.51077,2771.114458,192.1070099,0,out,Do
FiordlandzNov2015zDoout10mza,FiordlandzNov2015zDoout10mza,862,4.056876218,0.60019574,FiordlandzNov2015zDoout10mza,TTACCACATCTA,GTGTGYCAGCMGCCGCGGTAA,Doout10,18.5,0.006333333,0.023,0.010866667,0.006133333,0.0848,-0.0019,-0.0056,0.160133333,-0.013333333,0.142933333,-0.023933333,0.130366667,0.066166667,-0.005466667,-0.0187,0.0223,-0.004633333,0.0545,0.013966667,0.021333333,0.020833333,0.044366667,0.009266667,0.010033333,0.000633333,-0.001566667,0.004433333,-0.004466667,0.0035,-0.0055,-0.013233333,0.02,0,715500,126429.9806,950.661663,135.0346894,10,out,Do
FiordlandzNov2015zDoout10mzb,FiordlandzNov2015zDoout10mzb,328,2.845249517,0.491151879,FiordlandzNov2015zDoout10mzb,TGGCATGTTGGT,GTGTGYCAGCMGCCGCGGTAA,Doout10,18.5,0.006333333,0.023,0.010866667,0.006133333,0.0848,-0.0019,-0.0056,0.160133333,-0.013333333,0.142933333,-0.023933333,0.130366667,0.066166667,-0.005466667,-0.0187,0.0223,-0.004633333,0.0545,0.013966667,0.021333333,0.020833333,0.044366667,0.009266667,0.010033333,0.000633333,-0.001566667,0.004433333,-0.004466667,0.0035,-0.0055,-0.013233333,0.02,0,715500,126429.9806,950.661663,135.0346894,10,out,Do
FiordlandzNov2015zDuout0mzb,FiordlandzNov2015zDuout0mzb,930,4.428451759,0.647890588,FiordlandzNov2015zDuout0mzb,ACCCTGGGTATC,GTGTGYCAGCMGCCGCGGTAA,Duout0,19.8,0.0059,0.839066667,0.031266667,0.392966667,-0.003033333,0.438866667,0.300833333,0.306433333,0.013133333,0.0829,0.0707,0.100933333,1.1464,0.1396,0.4334,0.266566667,0.0317,0.099,0.031133333,1.8102,0.1053,0.053966667,0.393933333,1.016033333,0.288266667,0.074866667,0.031633333,0.124433333,0.151266667,0.028933333,0.0268,0.28,12,818775,98278.39284,5643.412996,889.9618615,0,out,Du
FiordlandzNov2015zDuout0mza,FiordlandzNov2015zDuout0mza,937,4.40906567,0.644347471,FiordlandzNov2015zDuout0mza,AAGCTAAAGCTA,GTGTGYCAGCMGCCGCGGTAA,Duout0,19.8,0.0059,0.839066667,0.031266667,0.392966667,-0.003033333,0.438866667,0.300833333,0.306433333,0.013133333,0.0829,0.0707,0.100933333,1.1464,0.1396,0.4334,0.266566667,0.0317,0.099,0.031133333,1.8102,0.1053,0.053966667,0.393933333,1.016033333,0.288266667,0.074866667,0.031633333,0.124433333,0.151266667,0.028933333,0.0268,0.28,12,818775,98278.39284,5643.412996,889.9618615,0,out,Du
FiordlandzNov2015zDuout10mzb,FiordlandzNov2015zDuout10mzb,872,4.311345448,0.636756688,FiordlandzNov2015zDuout10mzb,GACAATTCCGAA,GTGTGYCAGCMGCCGCGGTAA,Duout10,19.9,0.0048,0.0046,0.0071,0.158266667,-0.010566667,-0.0149,-0.011933333,0.0953,-0.02,0.187466667,0.035433333,-0.000766667,-0.0161,-0.020566667,-0.013966667,0.0205,0.127,0.0011,-0.017833333,8.00E-04,-0.019566667,0.0787,0.0355,0.187333333,-0.011633333,0.0413,-0.019766667,-0.0081,-0.010033333,-0.0105,-0.0117,0.02,0,1236600,172067.1962,705.6927711,209.7868257,10,out,Du
FiordlandzNov2015zDuout10mza,FiordlandzNov2015zDuout10mza,738,4.257993384,0.644765234,FiordlandzNov2015zDuout10mza,GGAAGCTTAACT,GTGTGYCAGCMGCCGCGGTAA,Duout10,19.9,0.0048,0.0046,0.0071,0.158266667,-0.010566667,-0.0149,-0.011933333,0.0953,-0.02,0.187466667,0.035433333,-0.000766667,-0.0161,-0.020566667,-0.013966667,0.0205,0.127,0.0011,-0.017833333,8.00E-04,-0.019566667,0.0787,0.0355,0.187333333,-0.011633333,0.0413,-0.019766667,-0.0081,-0.010033333,-0.0105,-0.0117,0.02,0,1236600,172067.1962,705.6927711,209.7868257,10,out,Du
FiordlandzNov2015zWout0mzb,FiordlandzNov2015zWout0mzb,1129,4.571703419,0.650397847,FiordlandzNov2015zWout0mzb,ACCTTGACAAGA,GTGTGYCAGCMGCCGCGGTAA,Wout0,19.1,0.1807,0.053833333,-0.0137,0.443166667,-0.026066667,0.114066667,0.285166667,0.6356,-0.036533333,0.176166667,0.031,0.1085,0.518433333,0.038766667,0.3101,0.391233333,0.151033333,-0.009,0.035333333,1.217566667,-0.027533333,0.018033333,0.292366667,0.3557,-0.013933333,0.086033333,-0.033733333,0.195433333,0.180466667,-0.027933333,0.080866667,0.18,9,855225,71583.95421,4134.514529,106.1270835,0,out,W
FiordlandzNov2015zWout0mza,FiordlandzNov2015zWout0mza,867,4.478697626,0.662035746,FiordlandzNov2015zWout0mza,TGCAGATCCAAC,GTGTGYCAGCMGCCGCGGTAA,Wout0,19.1,0.1807,0.053833333,-0.0137,0.443166667,-0.026066667,0.114066667,0.285166667,0.6356,-0.036533333,0.176166667,0.031,0.1085,0.518433333,0.038766667,0.3101,0.391233333,0.151033333,-0.009,0.035333333,1.217566667,-0.027533333,0.018033333,0.292366667,0.3557,-0.013933333,0.086033333,-0.033733333,0.195433333,0.180466667,-0.027933333,0.080866667,0.18,9,855225,71583.95421,4134.514529,106.1270835,0,out,W
FiordlandzNov2015zWout10mzb,FiordlandzNov2015zWout10mzb,909,4.154066567,0.609785105,FiordlandzNov2015zWout10mzb,ACTCCACGCTCG,GTGTGYCAGCMGCCGCGGTAA,Wout10,19.3,-0.042133333,-0.015566667,0.0534,0.247266667,0.040533333,-0.030366667,-0.025233333,0.067266667,-0.037666667,0.264566667,0.091766667,0.0374,-0.0367,0.0343,0.087333333,0.000166667,-0.028066667,0.022133333,0.036833333,0.997166667,0.009033333,0.0127,-0.017566667,0.0456,-0.025733333,-0.0342,-0.028966667,-0.017533333,-0.033133333,-0.041133333,0.028233333,0.05,2,1023975,113536.525,1454.126093,348.180061,10,out,W
FiordlandzNov2015zWout10mza,FiordlandzNov2015zWout10mza,865,4.046365651,0.59833321,FiordlandzNov2015zWout10mza,TTCCATCATGTC,GTGTGYCAGCMGCCGCGGTAA,Wout10,19.3,-0.042133333,-0.015566667,0.0534,0.247266667,0.040533333,-0.030366667,-0.025233333,0.067266667,-0.037666667,0.264566667,0.091766667,0.0374,-0.0367,0.0343,0.087333333,0.000166667,-0.028066667,0.022133333,0.036833333,0.997166667,0.009033333,0.0127,-0.017566667,0.0456,-0.025733333,-0.0342,-0.028966667,-0.017533333,-0.033133333,-0.041133333,0.028233333,0.05,2,1023975,113536.525,1454.126093,348.180061,10,out,W
FiordlandzNov2015zL1z1mzb,FiordlandzNov2015zL1z1mzb,1050,4.52395525,0.650316351,FiordlandzNov2015zL1z1mzb,CTCAGGAGACTT,GTGTGYCAGCMGCCGCGGTAA,L1z1,20.5,0.0269,0.0103,0.0472,-0.002633333,0.0183,0.121733333,0.024066667,0.061166667,0.081466667,0.257,0.0109,0.0251,-0.0125,-0.004033333,0.0713,0.1788,0.003966667,-0.004033333,0.0328,-0.020866667,0.247366667,0.004666667,-0.0205,0.1418,0.006366667,-0.024433333,0.0019,-0.013166667,-0.0259,0.021333333,-0.0016,0.04,1,1152900,30626.45915,2755.10658,78.82154257,0,Transverse,L1
FiordlandzNov2015zL1z1mza,FiordlandzNov2015zL1z1mza,966,4.407388297,0.641245925,FiordlandzNov2015zL1z1mza,GTCTATACATAT,GTGTGYCAGCMGCCGCGGTAA,L1z1,20.5,0.0269,0.0103,0.0472,-0.002633333,0.0183,0.121733333,0.024066667,0.061166667,0.081466667,0.257,0.0109,0.0251,-0.0125,-0.004033333,0.0713,0.1788,0.003966667,-0.004033333,0.0328,-0.020866667,0.247366667,0.004666667,-0.0205,0.1418,0.006366667,-0.024433333,0.0019,-0.013166667,-0.0259,0.021333333,-0.0016,0.04,1,1152900,30626.45915,2755.10658,78.82154257,0,Transverse,L1
FiordlandzNov2015zL1z10mzb,FiordlandzNov2015zL1z10mzb,923,4.815079755,0.70523451,FiordlandzNov2015zL1z10mzb,ATCATCTCGGCG,GTGTGYCAGCMGCCGCGGTAA,L1z10,20.3,-0.036333333,-0.017366667,-0.017733333,-0.0117,-0.046533333,-0.0619,-0.039,0.044366667,-0.047666667,0.139666667,-0.0431,-0.056433333,-0.067666667,-0.024366667,-0.064966667,-0.0345,-0.063466667,-0.050366667,-0.067766667,0.026966667,-0.033766667,-0.036033333,-0.002633333,0.064933333,0.000266667,-0.062633333,-0.0536,-0.000166667,0.007566667,-0.038433333,-0.063266667,0,0,995625,87138.63953,1534.867054,460.31673,10,Transverse,L1
FiordlandzNov2015zL1z10mza,FiordlandzNov2015zL1z10mza,901,4.497517958,0.661058938,FiordlandzNov2015zL1z10mza,ATGCAACTCGAA,GTGTGYCAGCMGCCGCGGTAA,L1z10,20.3,-0.036333333,-0.017366667,-0.017733333,-0.0117,-0.046533333,-0.0619,-0.039,0.044366667,-0.047666667,0.139666667,-0.0431,-0.056433333,-0.067666667,-0.024366667,-0.064966667,-0.0345,-0.063466667,-0.050366667,-0.067766667,0.026966667,-0.033766667,-0.036033333,-0.002633333,0.064933333,0.000266667,-0.062633333,-0.0536,-0.000166667,0.007566667,-0.038433333,-0.063266667,0,0,995625,87138.63953,1534.867054,460.31673,10,Transverse,L1
FiordlandzNov2015zL2z0mzb,FiordlandzNov2015zL2z0mzb,1065,4.882788396,0.700470158,FiordlandzNov2015zL2z0mzb,GTGACTAGTGAT,GTGTGYCAGCMGCCGCGGTAA,L2z0,20.9,0.014933333,0.098733333,-0.018933333,-0.013633333,-0.0099,0.0961,0.045766667,0.397433333,0.2585,0.356166667,-0.0048,0.0109,0.076866667,-0.012333333,0.079866667,0.332566667,0.1094,0.1157,0.016333333,0.0854,-0.0054,-0.012766667,0.027966667,-0.008166667,0.142133333,-0.015133333,0.013033333,-0.0047,0.041333333,-0.023666667,0.035466667,0.07,4,839250,72513.79179,1989.939759,87.76455144,0,Transverse,L2
FiordlandzNov2015zL2z0mza,FiordlandzNov2015zL2z0mza,1033,4.692124084,0.676076899,FiordlandzNov2015zL2z0mza,CATCCTGAGCAA,GTGTGYCAGCMGCCGCGGTAA,L2z0,20.9,0.014933333,0.098733333,-0.018933333,-0.013633333,-0.0099,0.0961,0.045766667,0.397433333,0.2585,0.356166667,-0.0048,0.0109,0.076866667,-0.012333333,0.079866667,0.332566667,0.1094,0.1157,0.016333333,0.0854,-0.0054,-0.012766667,0.027966667,-0.008166667,0.142133333,-0.015133333,0.013033333,-0.0047,0.041333333,-0.023666667,0.035466667,0.07,4,839250,72513.79179,1989.939759,87.76455144,0,Transverse,L2
FiordlandzNov2015zL2z10mzb,FiordlandzNov2015zL2z10mzb,1041,4.780345551,0.688023726,FiordlandzNov2015zL2z10mzb,CACTTGCTCTCT,GTGTGYCAGCMGCCGCGGTAA,L2z10,21,-0.043466667,-0.052633333,-0.064,-0.040466667,0.014633333,-0.056166667,-0.057066667,0.1583,-0.052566667,0.401633333,-0.0537,0.145333333,0.0182,-0.020766667,0.078466667,0.397566667,-0.005766667,0.050533333,-0.029033333,-0.0395,-0.0437,-0.042933333,-0.0501,-0.0209,-0.0464,-0.063666667,-0.0588,-0.038233333,0.117033333,-0.048733333,-0.0564,0.01,2,589950,51347.34657,1330.557715,97.43639883,10,Transverse,L2
FiordlandzNov2015zL2z10mza,FiordlandzNov2015zL2z10mza,1083,4.874010459,0.697533776,FiordlandzNov2015zL2z10mza,TCATGTGAACGA,GTGTGYCAGCMGCCGCGGTAA,L2z10,21,-0.043466667,-0.052633333,-0.064,-0.040466667,0.014633333,-0.056166667,-0.057066667,0.1583,-0.052566667,0.401633333,-0.0537,0.145333333,0.0182,-0.020766667,0.078466667,0.397566667,-0.005766667,0.050533333,-0.029033333,-0.0395,-0.0437,-0.042933333,-0.0501,-0.0209,-0.0464,-0.063666667,-0.0588,-0.038233333,0.117033333,-0.048733333,-0.0564,0.01,2,589950,51347.34657,1330.557715,97.43639883,10,Transverse,L2
FiordlandzNov2015zL3z0mzb,FiordlandzNov2015zL3z0mzb,986,4.544422112,0.659217965,FiordlandzNov2015zL3z0mzb,GTTCCCAACGGT,GTGTGYCAGCMGCCGCGGTAA,L3z0,21.2,0.2005,0.171733333,0.040666667,0.020233333,0.157066667,0.0169,0.0969,0.356666667,0.159533333,0.347933333,0.131766667,0.0862,0.230266667,0.119966667,0.0469,0.086066667,0.231466667,0.086,0.149066667,0.052566667,0.091033333,0.101333333,0.082866667,-0.0022,0.030666667,0.0027,0.019933333,-0.007133333,-0.014166667,0.029033333,-0.012866667,0.1,2,837000,69188.87194,11610.3012,1025.776328,0,Transverse,L3
FiordlandzNov2015zL3z0mza,FiordlandzNov2015zL3z0mza,1209,4.814687931,0.678359252,FiordlandzNov2015zL3z0mza,ACAATCCCGAGT,GTGTGYCAGCMGCCGCGGTAA,L3z0,21.2,0.2005,0.171733333,0.040666667,0.020233333,0.157066667,0.0169,0.0969,0.356666667,0.159533333,0.347933333,0.131766667,0.0862,0.230266667,0.119966667,0.0469,0.086066667,0.231466667,0.086,0.149066667,0.052566667,0.091033333,0.101333333,0.082866667,-0.0022,0.030666667,0.0027,0.019933333,-0.007133333,-0.014166667,0.029033333,-0.012866667,0.1,2,837000,69188.87194,11610.3012,1025.776328,0,Transverse,L3
FiordlandzNov2015zL3z10mza,FiordlandzNov2015zL3z10mza,1099,4.810204314,0.686960466,FiordlandzNov2015zL3z10mza,ATAATCTAATCC,GTGTGYCAGCMGCCGCGGTAA,L3z10,21.4,0.147366667,0.018633333,0.195766667,0.043266667,0.088666667,0.0207,0.019333333,0.208366667,0.052933333,0.2494,0.0542,0.104333333,0.181766667,0.0904,0.072866667,0.169933333,0.331033333,0.233333333,0.070566667,0.0717,0.047966667,0.0694,0.114733333,0.095866667,0.0185,0.02,0.035133333,-0.005233333,-0.0033,0.090133333,-0.0025,0.09,1,686475,145572.7395,7978.245239,525.3168712,10,Transverse,L3
FiordlandzNov2015zL3z10mzb,FiordlandzNov2015zL3z10mzb,1222,4.900434439,0.689401538,FiordlandzNov2015zL3z10mzb,TAGGTCTAGGTC,GTGTGYCAGCMGCCGCGGTAA,L3z10,21.4,0.147366667,0.018633333,0.195766667,0.043266667,0.088666667,0.0207,0.019333333,0.208366667,0.052933333,0.2494,0.0542,0.104333333,0.181766667,0.0904,0.072866667,0.169933333,0.331033333,0.233333333,0.070566667,0.0717,0.047966667,0.0694,0.114733333,0.095866667,0.0185,0.02,0.035133333,-0.005233333,-0.0033,0.090133333,-0.0025,0.09,1,686475,145572.7395,7978.245239,525.3168712,10,Transverse,L3
FiordlandzNov2015zL4z0mza,FiordlandzNov2015zL4z0mza,798,4.471792984,0.669218843,FiordlandzNov2015zL4z0mza,TTGGTGCCTGTG,GTGTGYCAGCMGCCGCGGTAA,L4z0,21.5,0.005133333,-0.023166667,0.0397,0.002166667,0.0401,0.0057,-0.001166667,0.1528,0.082766667,0.1168,0.0161,0.053266667,0.083466667,0.055766667,0.052366667,0.070566667,0.197566667,0.145766667,0.100933333,0.077266667,0.0483,0.047533333,0.004666667,-0.031733333,-0.045066667,-0.036866667,-0.0414,-0.0289,-0.025733333,0.1914,-0.030033333,0.04,0,NA,NA,NA,NA,0,Transverse,L4
FiordlandzNov2015zL4z0mzb,FiordlandzNov2015zL4z0mzb,975,4.560553744,0.662636423,FiordlandzNov2015zL4z0mzb,ATTGGGACATAA,GTGTGYCAGCMGCCGCGGTAA,L4z0,21.5,0.005133333,-0.023166667,0.0397,0.002166667,0.0401,0.0057,-0.001166667,0.1528,0.082766667,0.1168,0.0161,0.053266667,0.083466667,0.055766667,0.052366667,0.070566667,0.197566667,0.145766667,0.100933333,0.077266667,0.0483,0.047533333,0.004666667,-0.031733333,-0.045066667,-0.036866667,-0.0414,-0.0289,-0.025733333,0.1914,-0.030033333,0.04,0,NA,NA,NA,NA,0,Transverse,L4
FiordlandzNov2015zL5z0mza,FiordlandzNov2015zL5z0mza,1301,4.874955264,0.679825837,FiordlandzNov2015zL5z0mza,AGTTCGGCATTG,GTGTGYCAGCMGCCGCGGTAA,L5z0,21.6,0.017033333,0.021033333,0.003966667,0.201233333,0.1131,0.123533333,0.082466667,0.4159,0.416766667,0.3325,0.0792,0.3509,0.472833333,0.157933333,0.190866667,0.2715,0.162166667,0.145,0.1656,0.532833333,0.1714,0.172666667,0.317366667,-0.0199,0.0315,-0.004733333,0.1824,-0.002066667,0.126333333,0.188866667,0.015833333,0.18,8,1117125,249233.7908,3757.228916,147.8228448,0,Transverse,L5
FiordlandzNov2015zL5z0mzb,FiordlandzNov2015zL5z0mzb,1028,4.654010066,0.671054286,FiordlandzNov2015zL5z0mzb,TCTGATCGAGGT,GTGTGYCAGCMGCCGCGGTAA,L5z0,21.6,0.017033333,0.021033333,0.003966667,0.201233333,0.1131,0.123533333,0.082466667,0.4159,0.416766667,0.3325,0.0792,0.3509,0.472833333,0.157933333,0.190866667,0.2715,0.162166667,0.145,0.1656,0.532833333,0.1714,0.172666667,0.317366667,-0.0199,0.0315,-0.004733333,0.1824,-0.002066667,0.126333333,0.188866667,0.015833333,0.18,8,1117125,249233.7908,3757.228916,147.8228448,0,Transverse,L5
FiordlandzNov2015zL5z10mza,FiordlandzNov2015zL5z10mza,1129,4.88603888,0.695117088,FiordlandzNov2015zL5z10mza,AACTGGAACCCT,GTGTGYCAGCMGCCGCGGTAA,L5z10,21.8,-0.0012,0.004866667,0.0198,0.004733333,0.0741,0.0042,0.196366667,0.143866667,0.072066667,0.394733333,0.0566,0.0537,0.020866667,0.023866667,0.017333333,0.0334,0.1273,0.0673,0.055666667,0.068,0.110133333,0.008133333,0.0379,0.018966667,0.0105,0.012066667,0.033666667,0.0022,0.077066667,0.056866667,0.0109,0.06,1,664200,84437.07716,296.9675311,356.2195483,10,Transverse,L5
FiordlandzNov2015zL5z10mzb,FiordlandzNov2015zL5z10mzb,1267,4.997538115,0.69950354,FiordlandzNov2015zL5z10mzb,AGGAATACTCAC,GTGTGYCAGCMGCCGCGGTAA,L5z10,21.8,-0.0012,0.004866667,0.0198,0.004733333,0.0741,0.0042,0.196366667,0.143866667,0.072066667,0.394733333,0.0566,0.0537,0.020866667,0.023866667,0.017333333,0.0334,0.1273,0.0673,0.055666667,0.068,0.110133333,0.008133333,0.0379,0.018966667,0.0105,0.012066667,0.033666667,0.0022,0.077066667,0.056866667,0.0109,0.06,1,664200,84437.07716,296.9675311,356.2195483,10,Transverse,L5
FiordlandzNov2015zL5z40mzb,FiordlandzNov2015zL5z40mzb,1314,5.317550115,0.740520139,FiordlandzNov2015zL5z40mzb,GCACCAATCTGC,GTGTGYCAGCMGCCGCGGTAA,L5z40,21.9,-0.014,-0.013966667,-0.0017,0.0122,0.1035,0.017766667,0.0194,0.173733333,0.247933333,0.241666667,0.010133333,0.0424,0.061966667,0.1053,0.060366667,0.129166667,0.011333333,0.1103,0.082666667,-0.0053,-0.0053,0.116766667,0.0304,0.037533333,0.2125,0.018566667,-0.003066667,0.0107,-0.011933333,0.003566667,-0.013966667,0.06,0,343575,30893.08175,271.0843373,250.4633534,40,Transverse,L5
FiordlandzNov2015zL5z40mza,FiordlandzNov2015zL5z40mza,1360,5.299682844,0.734512346,FiordlandzNov2015zL5z40mza,GCCAGGCTTCCT,GTGTGYCAGCMGCCGCGGTAA,L5z40,21.9,-0.014,-0.013966667,-0.0017,0.0122,0.1035,0.017766667,0.0194,0.173733333,0.247933333,0.241666667,0.010133333,0.0424,0.061966667,0.1053,0.060366667,0.129166667,0.011333333,0.1103,0.082666667,-0.0053,-0.0053,0.116766667,0.0304,0.037533333,0.2125,0.018566667,-0.003066667,0.0107,-0.011933333,0.003566667,-0.013966667,0.06,0,343575,30893.08175,271.0843373,250.4633534,40,Transverse,L5
FiordlandzNov2015zL5z100mzb,FiordlandzNov2015zL5z100mzb,1576,5.679041264,0.771331642,FiordlandzNov2015zL5z100mzb,GAAGGAAAGTAG,GTGTGYCAGCMGCCGCGGTAA,L5z100,22.1,-0.0238,-0.015333333,0.0152,-0.011833333,0.058833333,0.030466667,-0.013133333,0.1168,0.022933333,0.159166667,-0.0081,0.016733333,0.0669,0.118866667,0.0978,-0.004466667,0.181166667,0.011866667,0.0073,-0.013666667,0.102466667,0.242333333,0.072333333,-0.0137,0.0079,0.057866667,-0.019566667,0.0266,-0.0159,0.309666667,0.055366667,0.05,1,240300,47742.43396,74.42771084,118.0687123,100,Transverse,L5
FiordlandzNov2015zL5z100mza,FiordlandzNov2015zL5z100mza,1424,5.398022125,0.743403772,FiordlandzNov2015zL5z100mza,GAATGACGTTTG,GTGTGYCAGCMGCCGCGGTAA,L5z100,22.1,-0.0238,-0.015333333,0.0152,-0.011833333,0.058833333,0.030466667,-0.013133333,0.1168,0.022933333,0.159166667,-0.0081,0.016733333,0.0669,0.118866667,0.0978,-0.004466667,0.181166667,0.011866667,0.0073,-0.013666667,0.102466667,0.242333333,0.072333333,-0.0137,0.0079,0.057866667,-0.019566667,0.0266,-0.0159,0.309666667,0.055366667,0.05,1,240300,47742.43396,74.42771084,118.0687123,100,Transverse,L5
FiordlandzNov2015zL5z200mzb,FiordlandzNov2015zL5z200mzb,1459,5.62219847,0.771696303,FiordlandzNov2015zL5z200mzb,GTCACCAATCCG,GTGTGYCAGCMGCCGCGGTAA,L5z200,22.2,-0.009266667,0.081433333,-0.005133333,0.016833333,0.053333333,0.06,0.110366667,0.42,0.041866667,0.235333333,0.037333333,0.075466667,0.154666667,0.091266667,0.055166667,0.046166667,0.0868,0.0734,0.044833333,-3.33E-05,0.0252,0.02,0.043966667,-0.0018,0.0217,0.001566667,0.0728,-0.0092,0.001533333,0.066966667,-0.008033333,0.06,1,174150,49418.11409,193.9759036,50.26260152,200,Transverse,L5
FiordlandzNov2015zL5z200mza,FiordlandzNov2015zL5z200mza,1548,5.600273502,0.762489819,FiordlandzNov2015zL5z200mza,CCATCGACGCTC,GTGTGYCAGCMGCCGCGGTAA,L5z200,22.2,-0.009266667,0.081433333,-0.005133333,0.016833333,0.053333333,0.06,0.110366667,0.42,0.041866667,0.235333333,0.037333333,0.075466667,0.154666667,0.091266667,0.055166667,0.046166667,0.0868,0.0734,0.044833333,-3.33E-05,0.0252,0.02,0.043966667,-0.0018,0.0217,0.001566667,0.0728,-0.0092,0.001533333,0.066966667,-0.008033333,0.06,1,174150,49418.11409,193.9759036,50.26260152,200,Transverse,L5
FiordlandzNov2015zL5z360mza,FiordlandzNov2015zL5z360mza,1100,5.547640108,0.792173105,FiordlandzNov2015zL5z360mza,CGCAATGAGGGA,GTGTGYCAGCMGCCGCGGTAA,L5z360,22.3,0.001133333,0.0422,0.0268,0.0052,0.038333333,0.217466667,0.0306,0.153833333,0.0367,0.366633333,0.080966667,0.0453,0.119166667,0.150066667,0.064533333,0.128133333,0.144366667,0.303533333,0.0813,0.019866667,0.143766667,0.263766667,0.020266667,8.00E-04,0.059033333,0.1578,0.017266667,0.0383,0.0358,0.013166667,0.005166667,0.09,3,180225,16256.15268,320.4819277,340.8171448,360,Transverse,L5
FiordlandzNov2015zL5z360mzb,FiordlandzNov2015zL5z360mzb,1463,5.622853892,0.771496342,FiordlandzNov2015zL5z360mzb,CCGCAGCCGCAG,GTGTGYCAGCMGCCGCGGTAA,L5z360,22.3,0.001133333,0.0422,0.0268,0.0052,0.038333333,0.217466667,0.0306,0.153833333,0.0367,0.366633333,0.080966667,0.0453,0.119166667,0.150066667,0.064533333,0.128133333,0.144366667,0.303533333,0.0813,0.019866667,0.143766667,0.263766667,0.020266667,8.00E-04,0.059033333,0.1578,0.017266667,0.0383,0.0358,0.013166667,0.005166667,0.09,3,180225,16256.15268,320.4819277,340.8171448,360,Transverse,L5
FiordlandzNov2015zL6z0mza,FiordlandzNov2015zL6z0mza,1017,4.562022189,0.658812642,FiordlandzNov2015zL6z0mza,ATCAGGTAAACA,GTGTGYCAGCMGCCGCGGTAA,L6z0,22.4,0.0036,0.070166667,0.035233333,0.259766667,0.0324,0.0235,0.122366667,0.2126,0.041133333,0.138033333,0.095733333,0.070033333,0.087333333,0.1285,0.108333333,0.072566667,0.061033333,0.054433333,0.090566667,0.0457,0.053366667,0.068866667,0.0843,0.027633333,0.039533333,0.054533333,0.032466667,0.024866667,0.000233333,0.147166667,-9.00E-04,0.07,1,848475,161103.1424,3104.329181,269.3977761,0,Transverse,L6
FiordlandzNov2015zL6z0mzb,FiordlandzNov2015zL6z0mzb,1044,4.621040628,0.664819993,FiordlandzNov2015zL6z0mzb,GGTTCGGTCCAT,GTGTGYCAGCMGCCGCGGTAA,L6z0,22.4,0.0036,0.070166667,0.035233333,0.259766667,0.0324,0.0235,0.122366667,0.2126,0.041133333,0.138033333,0.095733333,0.070033333,0.087333333,0.1285,0.108333333,0.072566667,0.061033333,0.054433333,0.090566667,0.0457,0.053366667,0.068866667,0.0843,0.027633333,0.039533333,0.054533333,0.032466667,0.024866667,0.000233333,0.147166667,-9.00E-04,0.07,1,848475,161103.1424,3104.329181,269.3977761,0,Transverse,L6
FiordlandzNov2015zL7z0mzb,FiordlandzNov2015zL7z0mzb,1421,4.862797956,0.669888437,FiordlandzNov2015zL7z0mzb,ACAAATCGTTGG,GTGTGYCAGCMGCCGCGGTAA,L7z0,22.4,0.058433333,-0.0035,0.192666667,-0.022033333,0.041533333,0.080333333,0.056166667,0.3267,-0.0098,0.125466667,0.0067,-0.0032,0.050733333,-0.01,0.006566667,-0.015133333,0.002333333,0.093266667,0.0065,-0.014033333,0.025066667,0.011433333,0.235533333,-0.021,0.069533333,-0.015666667,0.0605,-0.017666667,0.048,0.019033333,0.0215,0.05,1,749925,56522.93782,3215.461847,565.8112554,0,Transverse,L7
FiordlandzNov2015zL7z0mza,FiordlandzNov2015zL7z0mza,1179,4.66099393,0.659037879,FiordlandzNov2015zL7z0mza,TCTGCACTGAGC,GTGTGYCAGCMGCCGCGGTAA,L7z0,22.4,0.058433333,-0.0035,0.192666667,-0.022033333,0.041533333,0.080333333,0.056166667,0.3267,-0.0098,0.125466667,0.0067,-0.0032,0.050733333,-0.01,0.006566667,-0.015133333,0.002333333,0.093266667,0.0065,-0.014033333,0.025066667,0.011433333,0.235533333,-0.021,0.069533333,-0.015666667,0.0605,-0.017666667,0.048,0.019033333,0.0215,0.05,1,749925,56522.93782,3215.461847,565.8112554,0,Transverse,L7
FiordlandzNov2015zL8z0m,FiordlandzNov2015zL8z0m,674,4.657938785,0.715150349,FiordlandzNov2015zL8z0m,TCAATCGCTTTC,GTGTGYCAGCMGCCGCGGTAA,L8z0,22.5,0.0735,0.151633333,0.128566667,0.1091,0.030366667,0.004866667,0.0168,0.3433,0.003933333,0.106033333,0.0133,-0.002233333,0.041633333,0.048366667,0.113566667,0.031333333,0.051166667,0.0016,0.09,0.005066667,0.0574,0.074266667,0.159133333,0.006266667,0.035766667,0.132966667,0.044766667,0.024666667,-0.007566667,0.2431,0.090833333,0.07,1,1089450,57339.25357,3626.286966,175.2579319,0,Transverse,L8